ID Year,Year,ID Continent,Continent,ID Country,Country,Number of visas
2005,2005,2,África,104,Guinea,1.0
2005,2005,2,África,105,Sierra Leona,5.0
2005,2005,2,África,107,Costa de Marfil,3.0
2005,2005,2,África,109,Togo,1.0
2005,2005,2,África,111,Nigeria,1.0
2005,2005,2,África,112,Sudáfrica,43.0
2005,2005,2,África,119,Mauricio,2.0
2005,2005,2,África,121,Mozambique,3.0
2005,2005,2,África,124,Egipto,6.0
2005,2005,2,África,126,Túnez,1.0
2005,2005,2,África,127,Argelia,2.0
2005,2005,2,África,128,Marruecos,9.0
2005,2005,2,África,129,Cabo Verde,1.0
2005,2005,2,África,135,Tanzania,3.0
2005,2005,2,África,137,Kenya,5.0
2005,2005,2,África,140,Angola,1.0
2005,2005,2,África,142,Rwanda,2.0
2005,2005,2,África,144,"Congo, República del",1.0
2005,2005,2,África,149,Camerún,1.0
2005,2005,2,África,150,Benin,2.0
2005,2005,2,África,161,Burkina Faso,2.0
2005,2005,9,Oceanía,403,Tonga (Isla Tonga),1.0
2005,2005,9,Oceanía,405,Nueva Zelandia,52.0
2005,2005,9,Oceanía,406,Australia,123.0
2005,2005,9,Oceanía,418,Islas Salomón,2.0
2005,2005,19,América,201,Venezuela,567.0
2005,2005,19,América,202,Colombia,2179.0
2005,2005,19,América,203,Trinidad y Tobago,4.0
2005,2005,19,América,205,Jamaica,4.0
2005,2005,19,América,206,República Dominicana,172.0
2005,2005,19,América,207,Bahamas,1.0
2005,2005,19,América,208,Haití,12.0
2005,2005,19,América,209,Cuba,664.0
2005,2005,19,América,210,Panamá,72.0
2005,2005,19,América,211,Costa Rica,58.0
2005,2005,19,América,212,Nicaragua,43.0
2005,2005,19,América,213,El Salvador,55.0
2005,2005,19,América,214,Honduras,44.0
2005,2005,19,América,215,Guatemala,57.0
2005,2005,19,América,216,México,599.0
2005,2005,19,América,218,Ecuador,2956.0
2005,2005,19,América,219,Perú,25966.0
2005,2005,19,América,220,Brasil,1160.0
2005,2005,19,América,221,Bolivia,2420.0
2005,2005,19,América,222,Paraguay,403.0
2005,2005,19,América,223,Uruguay,1077.0
2005,2005,19,América,224,Argentina,6263.0
2005,2005,19,América,225,Estados Unidos de América,1984.0
2005,2005,19,América,226,Canadá,272.0
2005,2005,19,América,231,Dominica,1.0
2005,2005,19,América,232,Granada,1.0
2005,2005,19,América,234,San Vicente y las Granadinas,1.0
2005,2005,19,América,236,Belice,3.0
2005,2005,142,Asia,301,Jordania,8.0
2005,2005,142,Asia,302,Arabia Saudita,1.0
2005,2005,142,Asia,306,Israel,47.0
2005,2005,142,Asia,307,Iraq,8.0
2005,2005,142,Asia,308,Afghanistán,8.0
2005,2005,142,Asia,309,Irán,11.0
2005,2005,142,Asia,310,Siria,28.0
2005,2005,142,Asia,311,Libano,21.0
2005,2005,142,Asia,317,India,171.0
2005,2005,142,Asia,319,Tailandia,11.0
2005,2005,142,Asia,320,Nepal,2.0
2005,2005,142,Asia,324,Pakistán,63.0
2005,2005,142,Asia,325,Viet Nam,1.0
2005,2005,142,Asia,326,Myanmar (ex Birmania),1.0
2005,2005,142,Asia,328,Indonesia,23.0
2005,2005,142,Asia,329,Malasia,6.0
2005,2005,142,Asia,330,Taiwán,36.0
2005,2005,142,Asia,331,Japón,148.0
2005,2005,142,Asia,332,Singapur,12.0
2005,2005,142,Asia,333,Corea del Sur,315.0
2005,2005,142,Asia,334,Corea del Norte,20.0
2005,2005,142,Asia,335,Filipinas,22.0
2005,2005,142,Asia,336,China,1131.0
2005,2005,142,Asia,342,Hong Kong (Región administrativa especial de China),3.0
2005,2005,142,Asia,522,Turquia,54.0
2005,2005,142,Asia,550,Georgia,1.0
2005,2005,142,Asia,551,Kasajstan,1.0
2005,2005,142,Asia,552,Kirguistán,1.0
2005,2005,142,Asia,560,Uzbekistán,2.0
2005,2005,150,Europa,501,Portugal,16.0
2005,2005,150,Europa,504,Italia,269.0
2005,2005,150,Europa,505,Francia,569.0
2005,2005,150,Europa,506,Irlanda,21.0
2005,2005,150,Europa,507,Dinamarca,50.0
2005,2005,150,Europa,508,Suiza,104.0
2005,2005,150,Europa,509,Austria,53.0
2005,2005,150,Europa,510,Reino Unido,227.0
2005,2005,150,Europa,511,Suecia,95.0
2005,2005,150,Europa,512,Finlandia,37.0
2005,2005,150,Europa,513,Noruega,67.0
2005,2005,150,Europa,514,Bélgica,104.0
2005,2005,150,Europa,515,Holanda,115.0
2005,2005,150,Europa,516,Islandia ,9.0
2005,2005,150,Europa,517,España,825.0
2005,2005,150,Europa,518,Albania,2.0
2005,2005,150,Europa,519,Rumania,29.0
2005,2005,150,Europa,520,Grecia,4.0
2005,2005,150,Europa,523,Malta,2.0
2005,2005,150,Europa,525,Andorra,2.0
2005,2005,150,Europa,527,Bulgaria,10.0
2005,2005,150,Europa,528,Polonia,34.0
2005,2005,150,Europa,530,Hungria,10.0
2005,2005,150,Europa,532,Luxemburgo,3.0
2005,2005,150,Europa,542,Belarús,7.0
2005,2005,150,Europa,543,Bosnia y Herzegovina,6.0
2005,2005,150,Europa,544,República Checa,12.0
2005,2005,150,Europa,545,República Eslovaca,1.0
2005,2005,150,Europa,547,Croacia,13.0
2005,2005,150,Europa,553,Letonia,1.0
2005,2005,150,Europa,554,Lituania,1.0
2005,2005,150,Europa,555,Macedonia,3.0
2005,2005,150,Europa,556,Moldova,2.0
2005,2005,150,Europa,559,Ucrania,30.0
2005,2005,150,Europa,562,Rusia,88.0
2005,2005,150,Europa,563,Alemania,495.0
2005,2005,999,Otros,564,Republica Federal de Yugoslavia (Serbia y Montenegro),12.0
2005,2005,999,Otros,997,Chile,392.0
2006,2006,2,África,102,Gambia,1.0
2006,2006,2,África,104,Guinea,1.0
2006,2006,2,África,105,Sierra Leona,5.0
2006,2006,2,África,106,Liberia,1.0
2006,2006,2,África,107,Costa de Marfil,1.0
2006,2006,2,África,109,Togo,1.0
2006,2006,2,África,111,Nigeria,2.0
2006,2006,2,África,112,Sudáfrica,52.0
2006,2006,2,África,120,Madagascar,1.0
2006,2006,2,África,121,Mozambique,5.0
2006,2006,2,África,124,Egipto,8.0
2006,2006,2,África,126,Túnez,2.0
2006,2006,2,África,128,Marruecos,9.0
2006,2006,2,África,134,Mauritania,1.0
2006,2006,2,África,135,Tanzania,1.0
2006,2006,2,África,137,Kenya,4.0
2006,2006,2,África,139,Etiopia,1.0
2006,2006,2,África,140,Angola,2.0
2006,2006,2,África,144,"Congo, República del",8.0
2006,2006,2,África,149,Camerún,6.0
2006,2006,2,África,150,Benin,1.0
2006,2006,2,África,159,Namibia,2.0
2006,2006,2,África,161,Burkina Faso,1.0
2006,2006,2,África,163,Eritrea,1.0
2006,2006,9,Oceanía,405,Nueva Zelandia,44.0
2006,2006,9,Oceanía,406,Australia,160.0
2006,2006,9,Oceanía,418,Islas Salomón,1.0
2006,2006,19,América,201,Venezuela,618.0
2006,2006,19,América,202,Colombia,3195.0
2006,2006,19,América,203,Trinidad y Tobago,9.0
2006,2006,19,América,205,Jamaica,2.0
2006,2006,19,América,206,República Dominicana,206.0
2006,2006,19,América,208,Haití,55.0
2006,2006,19,América,209,Cuba,642.0
2006,2006,19,América,210,Panamá,89.0
2006,2006,19,América,211,Costa Rica,63.0
2006,2006,19,América,212,Nicaragua,44.0
2006,2006,19,América,213,El Salvador,53.0
2006,2006,19,América,214,Honduras,41.0
2006,2006,19,América,215,Guatemala,60.0
2006,2006,19,América,216,México,688.0
2006,2006,19,América,217,Guyana,3.0
2006,2006,19,América,218,Ecuador,3135.0
2006,2006,19,América,219,Perú,32746.0
2006,2006,19,América,220,Brasil,1451.0
2006,2006,19,América,221,Bolivia,2815.0
2006,2006,19,América,222,Paraguay,447.0
2006,2006,19,América,223,Uruguay,1099.0
2006,2006,19,América,224,Argentina,6114.0
2006,2006,19,América,225,Estados Unidos de América,1926.0
2006,2006,19,América,226,Canadá,246.0
2006,2006,19,América,232,Granada,1.0
2006,2006,19,América,234,San Vicente y las Granadinas,3.0
2006,2006,19,América,236,Belice,1.0
2006,2006,142,Asia,301,Jordania,8.0
2006,2006,142,Asia,302,Arabia Saudita,2.0
2006,2006,142,Asia,303,Kuwait,1.0
2006,2006,142,Asia,306,Israel,48.0
2006,2006,142,Asia,307,Iraq,1.0
2006,2006,142,Asia,308,Afghanistán,4.0
2006,2006,142,Asia,309,Irán,9.0
2006,2006,142,Asia,310,Siria,28.0
2006,2006,142,Asia,311,Libano,36.0
2006,2006,142,Asia,314,Sri Lanka,1.0
2006,2006,142,Asia,317,India,222.0
2006,2006,142,Asia,319,Tailandia,11.0
2006,2006,142,Asia,320,Nepal,4.0
2006,2006,142,Asia,324,Pakistán,82.0
2006,2006,142,Asia,325,Viet Nam,3.0
2006,2006,142,Asia,326,Myanmar (ex Birmania),1.0
2006,2006,142,Asia,328,Indonesia,19.0
2006,2006,142,Asia,329,Malasia,5.0
2006,2006,142,Asia,330,Taiwán,58.0
2006,2006,142,Asia,331,Japón,159.0
2006,2006,142,Asia,332,Singapur,9.0
2006,2006,142,Asia,333,Corea del Sur,345.0
2006,2006,142,Asia,334,Corea del Norte,20.0
2006,2006,142,Asia,335,Filipinas,27.0
2006,2006,142,Asia,336,China,1210.0
2006,2006,142,Asia,337,Mongolia,1.0
2006,2006,142,Asia,342,Hong Kong (Región administrativa especial de China),1.0
2006,2006,142,Asia,522,Turquia,70.0
2006,2006,142,Asia,540,Armenia,2.0
2006,2006,142,Asia,550,Georgia,1.0
2006,2006,142,Asia,552,Kirguistán,1.0
2006,2006,142,Asia,560,Uzbekistán,4.0
2006,2006,150,Europa,501,Portugal,25.0
2006,2006,150,Europa,504,Italia,255.0
2006,2006,150,Europa,505,Francia,571.0
2006,2006,150,Europa,506,Irlanda,27.0
2006,2006,150,Europa,507,Dinamarca,26.0
2006,2006,150,Europa,508,Suiza,94.0
2006,2006,150,Europa,509,Austria,54.0
2006,2006,150,Europa,510,Reino Unido,192.0
2006,2006,150,Europa,511,Suecia,82.0
2006,2006,150,Europa,512,Finlandia,54.0
2006,2006,150,Europa,513,Noruega,63.0
2006,2006,150,Europa,514,Bélgica,95.0
2006,2006,150,Europa,515,Holanda,118.0
2006,2006,150,Europa,516,Islandia ,7.0
2006,2006,150,Europa,517,España,869.0
2006,2006,150,Europa,518,Albania,1.0
2006,2006,150,Europa,519,Rumania,24.0
2006,2006,150,Europa,520,Grecia,10.0
2006,2006,150,Europa,525,Andorra,1.0
2006,2006,150,Europa,527,Bulgaria,5.0
2006,2006,150,Europa,528,Polonia,37.0
2006,2006,150,Europa,530,Hungria,4.0
2006,2006,150,Europa,542,Belarús,2.0
2006,2006,150,Europa,543,Bosnia y Herzegovina,2.0
2006,2006,150,Europa,544,República Checa,4.0
2006,2006,150,Europa,545,República Eslovaca,1.0
2006,2006,150,Europa,547,Croacia,3.0
2006,2006,150,Europa,549,Estonia,1.0
2006,2006,150,Europa,553,Letonia,1.0
2006,2006,150,Europa,554,Lituania,2.0
2006,2006,150,Europa,555,Macedonia,2.0
2006,2006,150,Europa,556,Moldova,9.0
2006,2006,150,Europa,559,Ucrania,31.0
2006,2006,150,Europa,562,Rusia,73.0
2006,2006,150,Europa,563,Alemania,481.0
2006,2006,999,Otros,564,Republica Federal de Yugoslavia (Serbia y Montenegro),18.0
2006,2006,999,Otros,997,Chile,173.0
2007,2007,2,África,105,Sierra Leona,1.0
2007,2007,2,África,107,Costa de Marfil,6.0
2007,2007,2,África,111,Nigeria,2.0
2007,2007,2,África,112,Sudáfrica,58.0
2007,2007,2,África,119,Mauricio,2.0
2007,2007,2,África,121,Mozambique,5.0
2007,2007,2,África,124,Egipto,9.0
2007,2007,2,África,126,Túnez,2.0
2007,2007,2,África,127,Argelia,2.0
2007,2007,2,África,128,Marruecos,14.0
2007,2007,2,África,133,Mali,1.0
2007,2007,2,África,137,Kenya,4.0
2007,2007,2,África,139,Etiopia,1.0
2007,2007,2,África,140,Angola,4.0
2007,2007,2,África,144,"Congo, República del",7.0
2007,2007,2,África,147,Guinea Ecuatorial,1.0
2007,2007,2,África,149,Camerún,10.0
2007,2007,9,Oceanía,405,Nueva Zelandia,59.0
2007,2007,9,Oceanía,406,Australia,145.0
2007,2007,9,Oceanía,418,Islas Salomón,2.0
2007,2007,19,América,201,Venezuela,773.0
2007,2007,19,América,202,Colombia,4834.0
2007,2007,19,América,203,Trinidad y Tobago,14.0
2007,2007,19,América,205,Jamaica,2.0
2007,2007,19,América,206,República Dominicana,354.0
2007,2007,19,América,207,Bahamas,2.0
2007,2007,19,América,208,Haití,119.0
2007,2007,19,América,209,Cuba,736.0
2007,2007,19,América,210,Panamá,161.0
2007,2007,19,América,211,Costa Rica,91.0
2007,2007,19,América,212,Nicaragua,42.0
2007,2007,19,América,213,El Salvador,79.0
2007,2007,19,América,214,Honduras,74.0
2007,2007,19,América,215,Guatemala,64.0
2007,2007,19,América,216,México,853.0
2007,2007,19,América,217,Guyana,2.0
2007,2007,19,América,218,Ecuador,4352.0
2007,2007,19,América,219,Perú,63869.0
2007,2007,19,América,220,Brasil,1810.0
2007,2007,19,América,221,Bolivia,7448.0
2007,2007,19,América,222,Paraguay,782.0
2007,2007,19,América,223,Uruguay,1275.0
2007,2007,19,América,224,Argentina,5656.0
2007,2007,19,América,225,Estados Unidos de América,2041.0
2007,2007,19,América,226,Canadá,243.0
2007,2007,19,América,234,San Vicente y las Granadinas,3.0
2007,2007,19,América,236,Belice,3.0
2007,2007,142,Asia,301,Jordania,3.0
2007,2007,142,Asia,304,Omán,1.0
2007,2007,142,Asia,306,Israel,55.0
2007,2007,142,Asia,307,Iraq,7.0
2007,2007,142,Asia,308,Afghanistán,5.0
2007,2007,142,Asia,309,Irán,17.0
2007,2007,142,Asia,310,Siria,34.0
2007,2007,142,Asia,311,Libano,44.0
2007,2007,142,Asia,317,India,264.0
2007,2007,142,Asia,319,Tailandia,7.0
2007,2007,142,Asia,320,Nepal,5.0
2007,2007,142,Asia,324,Pakistán,107.0
2007,2007,142,Asia,326,Myanmar (ex Birmania),1.0
2007,2007,142,Asia,328,Indonesia,19.0
2007,2007,142,Asia,329,Malasia,4.0
2007,2007,142,Asia,330,Taiwán,71.0
2007,2007,142,Asia,331,Japón,149.0
2007,2007,142,Asia,332,Singapur,6.0
2007,2007,142,Asia,333,Corea del Sur,320.0
2007,2007,142,Asia,334,Corea del Norte,17.0
2007,2007,142,Asia,335,Filipinas,21.0
2007,2007,142,Asia,336,China,1517.0
2007,2007,142,Asia,342,Hong Kong (Región administrativa especial de China),3.0
2007,2007,142,Asia,522,Turquia,71.0
2007,2007,142,Asia,552,Kirguistán,1.0
2007,2007,142,Asia,560,Uzbekistán,1.0
2007,2007,150,Europa,501,Portugal,28.0
2007,2007,150,Europa,504,Italia,269.0
2007,2007,150,Europa,505,Francia,688.0
2007,2007,150,Europa,506,Irlanda,14.0
2007,2007,150,Europa,507,Dinamarca,43.0
2007,2007,150,Europa,508,Suiza,113.0
2007,2007,150,Europa,509,Austria,41.0
2007,2007,150,Europa,510,Reino Unido,228.0
2007,2007,150,Europa,511,Suecia,83.0
2007,2007,150,Europa,512,Finlandia,32.0
2007,2007,150,Europa,513,Noruega,65.0
2007,2007,150,Europa,514,Bélgica,72.0
2007,2007,150,Europa,515,Holanda,125.0
2007,2007,150,Europa,517,España,944.0
2007,2007,150,Europa,518,Albania,1.0
2007,2007,150,Europa,519,Rumania,24.0
2007,2007,150,Europa,520,Grecia,9.0
2007,2007,150,Europa,525,Andorra,1.0
2007,2007,150,Europa,527,Bulgaria,18.0
2007,2007,150,Europa,528,Polonia,50.0
2007,2007,150,Europa,530,Hungria,5.0
2007,2007,150,Europa,536,San Marino,1.0
2007,2007,150,Europa,542,Belarús,8.0
2007,2007,150,Europa,543,Bosnia y Herzegovina,3.0
2007,2007,150,Europa,544,República Checa,9.0
2007,2007,150,Europa,545,República Eslovaca,2.0
2007,2007,150,Europa,546,Serbia,1.0
2007,2007,150,Europa,547,Croacia,11.0
2007,2007,150,Europa,549,Estonia,2.0
2007,2007,150,Europa,554,Lituania,2.0
2007,2007,150,Europa,555,Macedonia,1.0
2007,2007,150,Europa,556,Moldova,9.0
2007,2007,150,Europa,559,Ucrania,33.0
2007,2007,150,Europa,562,Rusia,135.0
2007,2007,150,Europa,563,Alemania,562.0
2007,2007,999,Otros,564,Republica Federal de Yugoslavia (Serbia y Montenegro),22.0
2007,2007,999,Otros,997,Chile,50.0
2008,2008,2,África,104,Guinea,2.0
2008,2008,2,África,105,Sierra Leona,3.0
2008,2008,2,África,107,Costa de Marfil,4.0
2008,2008,2,África,108,Ghana,6.0
2008,2008,2,África,111,Nigeria,3.0
2008,2008,2,África,112,Sudáfrica,89.0
2008,2008,2,África,116,Zimbabwe,2.0
2008,2008,2,África,119,Mauricio,1.0
2008,2008,2,África,121,Mozambique,2.0
2008,2008,2,África,124,Egipto,8.0
2008,2008,2,África,126,Túnez,5.0
2008,2008,2,África,127,Argelia,1.0
2008,2008,2,África,128,Marruecos,16.0
2008,2008,2,África,135,Tanzania,1.0
2008,2008,2,África,137,Kenya,2.0
2008,2008,2,África,139,Etiopia,2.0
2008,2008,2,África,140,Angola,3.0
2008,2008,2,África,144,"Congo, República del",13.0
2008,2008,2,África,145,Gabón,1.0
2008,2008,2,África,149,Camerún,9.0
2008,2008,9,Oceanía,403,Tonga (Isla Tonga),1.0
2008,2008,9,Oceanía,405,Nueva Zelandia,88.0
2008,2008,9,Oceanía,406,Australia,200.0
2008,2008,9,Oceanía,418,Islas Salomón,1.0
2008,2008,19,América,201,Venezuela,819.0
2008,2008,19,América,202,Colombia,5563.0
2008,2008,19,América,203,Trinidad y Tobago,13.0
2008,2008,19,América,205,Jamaica,4.0
2008,2008,19,América,206,República Dominicana,420.0
2008,2008,19,América,207,Bahamas,1.0
2008,2008,19,América,208,Haití,180.0
2008,2008,19,América,209,Cuba,706.0
2008,2008,19,América,210,Panamá,305.0
2008,2008,19,América,211,Costa Rica,83.0
2008,2008,19,América,212,Nicaragua,76.0
2008,2008,19,América,213,El Salvador,113.0
2008,2008,19,América,214,Honduras,84.0
2008,2008,19,América,215,Guatemala,98.0
2008,2008,19,América,216,México,849.0
2008,2008,19,América,217,Guyana,4.0
2008,2008,19,América,218,Ecuador,3933.0
2008,2008,19,América,219,Perú,47336.0
2008,2008,19,América,220,Brasil,1641.0
2008,2008,19,América,221,Bolivia,5374.0
2008,2008,19,América,222,Paraguay,824.0
2008,2008,19,América,223,Uruguay,1271.0
2008,2008,19,América,224,Argentina,5345.0
2008,2008,19,América,225,Estados Unidos de América,2377.0
2008,2008,19,América,226,Canadá,294.0
2008,2008,19,América,234,San Vicente y las Granadinas,4.0
2008,2008,19,América,236,Belice,4.0
2008,2008,19,América,240,Antigua y Barbuda,1.0
2008,2008,19,América,244,Bermudas,1.0
2008,2008,142,Asia,301,Jordania,5.0
2008,2008,142,Asia,306,Israel,64.0
2008,2008,142,Asia,307,Iraq,1.0
2008,2008,142,Asia,308,Afghanistán,1.0
2008,2008,142,Asia,309,Irán,16.0
2008,2008,142,Asia,310,Siria,22.0
2008,2008,142,Asia,311,Libano,38.0
2008,2008,142,Asia,314,Sri Lanka,10.0
2008,2008,142,Asia,317,India,261.0
2008,2008,142,Asia,318,Bhután,1.0
2008,2008,142,Asia,319,Tailandia,19.0
2008,2008,142,Asia,320,Nepal,10.0
2008,2008,142,Asia,321,Bangladesh,4.0
2008,2008,142,Asia,324,Pakistán,114.0
2008,2008,142,Asia,326,Myanmar (ex Birmania),1.0
2008,2008,142,Asia,328,Indonesia,22.0
2008,2008,142,Asia,329,Malasia,5.0
2008,2008,142,Asia,330,Taiwán,66.0
2008,2008,142,Asia,331,Japón,163.0
2008,2008,142,Asia,332,Singapur,1.0
2008,2008,142,Asia,333,Corea del Sur,376.0
2008,2008,142,Asia,334,Corea del Norte,23.0
2008,2008,142,Asia,335,Filipinas,36.0
2008,2008,142,Asia,336,China,1659.0
2008,2008,142,Asia,337,Mongolia,1.0
2008,2008,142,Asia,342,Hong Kong (Región administrativa especial de China),3.0
2008,2008,142,Asia,522,Turquia,74.0
2008,2008,142,Asia,540,Armenia,2.0
2008,2008,142,Asia,552,Kirguistán,2.0
2008,2008,142,Asia,560,Uzbekistán,2.0
2008,2008,150,Europa,501,Portugal,42.0
2008,2008,150,Europa,504,Italia,316.0
2008,2008,150,Europa,505,Francia,710.0
2008,2008,150,Europa,506,Irlanda,23.0
2008,2008,150,Europa,507,Dinamarca,37.0
2008,2008,150,Europa,508,Suiza,128.0
2008,2008,150,Europa,509,Austria,32.0
2008,2008,150,Europa,510,Reino Unido,255.0
2008,2008,150,Europa,511,Suecia,82.0
2008,2008,150,Europa,512,Finlandia,32.0
2008,2008,150,Europa,513,Noruega,79.0
2008,2008,150,Europa,514,Bélgica,107.0
2008,2008,150,Europa,515,Holanda,118.0
2008,2008,150,Europa,516,Islandia ,2.0
2008,2008,150,Europa,517,España,936.0
2008,2008,150,Europa,518,Albania,2.0
2008,2008,150,Europa,519,Rumania,29.0
2008,2008,150,Europa,520,Grecia,6.0
2008,2008,150,Europa,525,Andorra,1.0
2008,2008,150,Europa,526,Yugoslavia,1.0
2008,2008,150,Europa,527,Bulgaria,21.0
2008,2008,150,Europa,528,Polonia,47.0
2008,2008,150,Europa,530,Hungria,4.0
2008,2008,150,Europa,534,Liechtenstein,1.0
2008,2008,150,Europa,542,Belarús,11.0
2008,2008,150,Europa,543,Bosnia y Herzegovina,4.0
2008,2008,150,Europa,544,República Checa,11.0
2008,2008,150,Europa,545,República Eslovaca,5.0
2008,2008,150,Europa,546,Serbia,1.0
2008,2008,150,Europa,547,Croacia,53.0
2008,2008,150,Europa,548,Eslovenia,2.0
2008,2008,150,Europa,549,Estonia,2.0
2008,2008,150,Europa,553,Letonia,3.0
2008,2008,150,Europa,554,Lituania,6.0
2008,2008,150,Europa,555,Macedonia,4.0
2008,2008,150,Europa,556,Moldova,4.0
2008,2008,150,Europa,559,Ucrania,41.0
2008,2008,150,Europa,562,Rusia,129.0
2008,2008,150,Europa,563,Alemania,614.0
2008,2008,999,Otros,564,Republica Federal de Yugoslavia (Serbia y Montenegro),17.0
2008,2008,999,Otros,997,Chile,26.0
2009,2009,2,África,104,Guinea,1.0
2009,2009,2,África,106,Liberia,1.0
2009,2009,2,África,107,Costa de Marfil,6.0
2009,2009,2,África,108,Ghana,4.0
2009,2009,2,África,111,Nigeria,4.0
2009,2009,2,África,112,Sudáfrica,94.0
2009,2009,2,África,116,Zimbabwe,2.0
2009,2009,2,África,119,Mauricio,3.0
2009,2009,2,África,121,Mozambique,1.0
2009,2009,2,África,124,Egipto,12.0
2009,2009,2,África,126,Túnez,4.0
2009,2009,2,África,127,Argelia,3.0
2009,2009,2,África,128,Marruecos,19.0
2009,2009,2,África,137,Kenya,2.0
2009,2009,2,África,139,Etiopia,1.0
2009,2009,2,África,140,Angola,2.0
2009,2009,2,África,141,Burundi,1.0
2009,2009,2,África,144,"Congo, República del",20.0
2009,2009,2,África,146,Santo Tomé y Principe,1.0
2009,2009,2,África,149,Camerún,10.0
2009,2009,2,África,150,Benin,2.0
2009,2009,9,Oceanía,401,Fiji,2.0
2009,2009,9,Oceanía,403,Tonga (Isla Tonga),1.0
2009,2009,9,Oceanía,404,Samoa Occidental,1.0
2009,2009,9,Oceanía,405,Nueva Zelandia,81.0
2009,2009,9,Oceanía,406,Australia,186.0
2009,2009,9,Oceanía,418,Islas Salomón,2.0
2009,2009,19,América,201,Venezuela,1013.0
2009,2009,19,América,202,Colombia,7697.0
2009,2009,19,América,203,Trinidad y Tobago,4.0
2009,2009,19,América,205,Jamaica,2.0
2009,2009,19,América,206,República Dominicana,687.0
2009,2009,19,América,208,Haití,365.0
2009,2009,19,América,209,Cuba,732.0
2009,2009,19,América,210,Panamá,322.0
2009,2009,19,América,211,Costa Rica,99.0
2009,2009,19,América,212,Nicaragua,83.0
2009,2009,19,América,213,El Salvador,115.0
2009,2009,19,América,214,Honduras,147.0
2009,2009,19,América,215,Guatemala,98.0
2009,2009,19,América,216,México,880.0
2009,2009,19,América,217,Guyana,2.0
2009,2009,19,América,218,Ecuador,4674.0
2009,2009,19,América,219,Perú,56586.0
2009,2009,19,América,220,Brasil,1651.0
2009,2009,19,América,221,Bolivia,7801.0
2009,2009,19,América,222,Paraguay,874.0
2009,2009,19,América,223,Uruguay,1171.0
2009,2009,19,América,224,Argentina,5453.0
2009,2009,19,América,225,Estados Unidos de América,2615.0
2009,2009,19,América,226,Canadá,266.0
2009,2009,19,América,232,Granada,1.0
2009,2009,19,América,234,San Vicente y las Granadinas,2.0
2009,2009,19,América,235,Suriname,4.0
2009,2009,19,América,236,Belice,1.0
2009,2009,19,América,248,Turcas y Caicos,4.0
2009,2009,142,Asia,301,Jordania,9.0
2009,2009,142,Asia,302,Arabia Saudita,1.0
2009,2009,142,Asia,306,Israel,140.0
2009,2009,142,Asia,307,Iraq,2.0
2009,2009,142,Asia,308,Afghanistán,2.0
2009,2009,142,Asia,309,Irán,11.0
2009,2009,142,Asia,310,Siria,30.0
2009,2009,142,Asia,311,Libano,34.0
2009,2009,142,Asia,314,Sri Lanka,4.0
2009,2009,142,Asia,317,India,228.0
2009,2009,142,Asia,319,Tailandia,14.0
2009,2009,142,Asia,320,Nepal,14.0
2009,2009,142,Asia,321,Bangladesh,7.0
2009,2009,142,Asia,324,Pakistán,138.0
2009,2009,142,Asia,328,Indonesia,23.0
2009,2009,142,Asia,329,Malasia,5.0
2009,2009,142,Asia,330,Taiwán,65.0
2009,2009,142,Asia,331,Japón,183.0
2009,2009,142,Asia,332,Singapur,6.0
2009,2009,142,Asia,333,Corea del Sur,425.0
2009,2009,142,Asia,334,Corea del Norte,36.0
2009,2009,142,Asia,335,Filipinas,49.0
2009,2009,142,Asia,336,China,2054.0
2009,2009,142,Asia,337,Mongolia,1.0
2009,2009,142,Asia,346,República del Yemen,1.0
2009,2009,142,Asia,522,Turquia,66.0
2009,2009,142,Asia,540,Armenia,3.0
2009,2009,142,Asia,541,Azerbaiyan,3.0
2009,2009,142,Asia,550,Georgia,1.0
2009,2009,142,Asia,551,Kasajstan,2.0
2009,2009,150,Europa,501,Portugal,33.0
2009,2009,150,Europa,504,Italia,370.0
2009,2009,150,Europa,505,Francia,674.0
2009,2009,150,Europa,506,Irlanda,33.0
2009,2009,150,Europa,507,Dinamarca,43.0
2009,2009,150,Europa,508,Suiza,138.0
2009,2009,150,Europa,509,Austria,55.0
2009,2009,150,Europa,510,Reino Unido,284.0
2009,2009,150,Europa,511,Suecia,73.0
2009,2009,150,Europa,512,Finlandia,33.0
2009,2009,150,Europa,513,Noruega,64.0
2009,2009,150,Europa,514,Bélgica,92.0
2009,2009,150,Europa,515,Holanda,140.0
2009,2009,150,Europa,516,Islandia ,6.0
2009,2009,150,Europa,517,España,1092.0
2009,2009,150,Europa,518,Albania,2.0
2009,2009,150,Europa,519,Rumania,39.0
2009,2009,150,Europa,520,Grecia,9.0
2009,2009,150,Europa,526,Yugoslavia,9.0
2009,2009,150,Europa,527,Bulgaria,8.0
2009,2009,150,Europa,528,Polonia,49.0
2009,2009,150,Europa,530,Hungria,17.0
2009,2009,150,Europa,532,Luxemburgo,1.0
2009,2009,150,Europa,542,Belarús,14.0
2009,2009,150,Europa,543,Bosnia y Herzegovina,2.0
2009,2009,150,Europa,544,República Checa,33.0
2009,2009,150,Europa,545,República Eslovaca,6.0
2009,2009,150,Europa,546,Serbia,7.0
2009,2009,150,Europa,547,Croacia,16.0
2009,2009,150,Europa,548,Eslovenia,6.0
2009,2009,150,Europa,549,Estonia,1.0
2009,2009,150,Europa,553,Letonia,3.0
2009,2009,150,Europa,554,Lituania,27.0
2009,2009,150,Europa,555,Macedonia,2.0
2009,2009,150,Europa,556,Moldova,5.0
2009,2009,150,Europa,559,Ucrania,34.0
2009,2009,150,Europa,562,Rusia,146.0
2009,2009,150,Europa,563,Alemania,587.0
2009,2009,999,Otros,564,Republica Federal de Yugoslavia (Serbia y Montenegro),14.0
2009,2009,999,Otros,997,Chile,20.0
2010,2010,2,África,101,Senegal,7.0
2010,2010,2,África,107,Costa de Marfil,8.0
2010,2010,2,África,108,Ghana,9.0
2010,2010,2,África,111,Nigeria,12.0
2010,2010,2,África,112,Sudáfrica,69.0
2010,2010,2,África,119,Mauricio,1.0
2010,2010,2,África,121,Mozambique,4.0
2010,2010,2,África,124,Egipto,7.0
2010,2010,2,África,125,Libia,1.0
2010,2010,2,África,126,Túnez,3.0
2010,2010,2,África,127,Argelia,8.0
2010,2010,2,África,128,Marruecos,14.0
2010,2010,2,África,137,Kenya,4.0
2010,2010,2,África,138,Somalia,2.0
2010,2010,2,África,140,Angola,4.0
2010,2010,2,África,144,"Congo, República del",11.0
2010,2010,2,África,146,Santo Tomé y Principe,1.0
2010,2010,2,África,149,Camerún,17.0
2010,2010,2,África,150,Benin,1.0
2010,2010,2,África,161,Burkina Faso,1.0
2010,2010,9,Oceanía,401,Fiji,1.0
2010,2010,9,Oceanía,405,Nueva Zelandia,75.0
2010,2010,9,Oceanía,406,Australia,186.0
2010,2010,19,América,201,Venezuela,1091.0
2010,2010,19,América,202,Colombia,8921.0
2010,2010,19,América,203,Trinidad y Tobago,7.0
2010,2010,19,América,205,Jamaica,4.0
2010,2010,19,América,206,República Dominicana,1152.0
2010,2010,19,América,208,Haití,744.0
2010,2010,19,América,209,Cuba,744.0
2010,2010,19,América,210,Panamá,224.0
2010,2010,19,América,211,Costa Rica,117.0
2010,2010,19,América,212,Nicaragua,80.0
2010,2010,19,América,213,El Salvador,138.0
2010,2010,19,América,214,Honduras,134.0
2010,2010,19,América,215,Guatemala,118.0
2010,2010,19,América,216,México,917.0
2010,2010,19,América,217,Guyana,2.0
2010,2010,19,América,218,Ecuador,3624.0
2010,2010,19,América,219,Perú,38048.0
2010,2010,19,América,220,Brasil,1818.0
2010,2010,19,América,221,Bolivia,7423.0
2010,2010,19,América,222,Paraguay,889.0
2010,2010,19,América,223,Uruguay,1190.0
2010,2010,19,América,224,Argentina,5387.0
2010,2010,19,América,225,Estados Unidos de América,3287.0
2010,2010,19,América,226,Canadá,341.0
2010,2010,19,América,235,Suriname,1.0
2010,2010,19,América,236,Belice,5.0
2010,2010,19,América,241,Saint Kitts & Nevis,1.0
2010,2010,142,Asia,301,Jordania,16.0
2010,2010,142,Asia,306,Israel,45.0
2010,2010,142,Asia,307,Iraq,29.0
2010,2010,142,Asia,308,Afghanistán,1.0
2010,2010,142,Asia,309,Irán,8.0
2010,2010,142,Asia,310,Siria,16.0
2010,2010,142,Asia,311,Libano,23.0
2010,2010,142,Asia,314,Sri Lanka,6.0
2010,2010,142,Asia,317,India,266.0
2010,2010,142,Asia,319,Tailandia,19.0
2010,2010,142,Asia,320,Nepal,17.0
2010,2010,142,Asia,321,Bangladesh,4.0
2010,2010,142,Asia,324,Pakistán,115.0
2010,2010,142,Asia,328,Indonesia,101.0
2010,2010,142,Asia,329,Malasia,7.0
2010,2010,142,Asia,330,Taiwán,60.0
2010,2010,142,Asia,331,Japón,146.0
2010,2010,142,Asia,332,Singapur,7.0
2010,2010,142,Asia,333,Corea del Sur,544.0
2010,2010,142,Asia,334,Corea del Norte,12.0
2010,2010,142,Asia,335,Filipinas,75.0
2010,2010,142,Asia,336,China,2041.0
2010,2010,142,Asia,342,Hong Kong (Región administrativa especial de China),9.0
2010,2010,142,Asia,522,Turquia,74.0
2010,2010,142,Asia,540,Armenia,1.0
2010,2010,142,Asia,550,Georgia,1.0
2010,2010,142,Asia,551,Kasajstan,2.0
2010,2010,142,Asia,552,Kirguistán,1.0
2010,2010,142,Asia,560,Uzbekistán,1.0
2010,2010,150,Europa,501,Portugal,62.0
2010,2010,150,Europa,504,Italia,626.0
2010,2010,150,Europa,505,Francia,856.0
2010,2010,150,Europa,506,Irlanda,26.0
2010,2010,150,Europa,507,Dinamarca,45.0
2010,2010,150,Europa,508,Suiza,98.0
2010,2010,150,Europa,509,Austria,40.0
2010,2010,150,Europa,510,Reino Unido,269.0
2010,2010,150,Europa,511,Suecia,68.0
2010,2010,150,Europa,512,Finlandia,40.0
2010,2010,150,Europa,513,Noruega,67.0
2010,2010,150,Europa,514,Bélgica,91.0
2010,2010,150,Europa,515,Holanda,119.0
2010,2010,150,Europa,516,Islandia ,5.0
2010,2010,150,Europa,517,España,1170.0
2010,2010,150,Europa,518,Albania,5.0
2010,2010,150,Europa,519,Rumania,47.0
2010,2010,150,Europa,520,Grecia,12.0
2010,2010,150,Europa,526,Yugoslavia,4.0
2010,2010,150,Europa,527,Bulgaria,17.0
2010,2010,150,Europa,528,Polonia,60.0
2010,2010,150,Europa,530,Hungria,13.0
2010,2010,150,Europa,532,Luxemburgo,1.0
2010,2010,150,Europa,542,Belarús,20.0
2010,2010,150,Europa,543,Bosnia y Herzegovina,2.0
2010,2010,150,Europa,544,República Checa,108.0
2010,2010,150,Europa,545,República Eslovaca,27.0
2010,2010,150,Europa,546,Serbia,13.0
2010,2010,150,Europa,547,Croacia,13.0
2010,2010,150,Europa,548,Eslovenia,1.0
2010,2010,150,Europa,549,Estonia,3.0
2010,2010,150,Europa,553,Letonia,2.0
2010,2010,150,Europa,554,Lituania,8.0
2010,2010,150,Europa,555,Macedonia,3.0
2010,2010,150,Europa,556,Moldova,5.0
2010,2010,150,Europa,559,Ucrania,41.0
2010,2010,150,Europa,562,Rusia,177.0
2010,2010,150,Europa,563,Alemania,644.0
2010,2010,999,Otros,564,Republica Federal de Yugoslavia (Serbia y Montenegro),1.0
2010,2010,999,Otros,997,Chile,30.0
2011,2011,2,África,101,Senegal,1.0
2011,2011,2,África,102,Gambia,1.0
2011,2011,2,África,104,Guinea,1.0
2011,2011,2,África,107,Costa de Marfil,5.0
2011,2011,2,África,108,Ghana,5.0
2011,2011,2,África,111,Nigeria,11.0
2011,2011,2,África,112,Sudáfrica,100.0
2011,2011,2,África,117,Zambia,1.0
2011,2011,2,África,119,Mauricio,2.0
2011,2011,2,África,120,Madagascar,3.0
2011,2011,2,África,121,Mozambique,1.0
2011,2011,2,África,122,Swazilandia,1.0
2011,2011,2,África,124,Egipto,6.0
2011,2011,2,África,126,Túnez,2.0
2011,2011,2,África,127,Argelia,3.0
2011,2011,2,África,128,Marruecos,17.0
2011,2011,2,África,133,Mali,1.0
2011,2011,2,África,135,Tanzania,1.0
2011,2011,2,África,136,Uganda,1.0
2011,2011,2,África,137,Kenya,6.0
2011,2011,2,África,139,Etiopia,1.0
2011,2011,2,África,140,Angola,6.0
2011,2011,2,África,144,"Congo, República del",16.0
2011,2011,2,África,147,Guinea Ecuatorial,1.0
2011,2011,2,África,149,Camerún,13.0
2011,2011,2,África,150,Benin,1.0
2011,2011,2,África,159,Namibia,1.0
2011,2011,9,Oceanía,401,Fiji,2.0
2011,2011,9,Oceanía,405,Nueva Zelandia,99.0
2011,2011,9,Oceanía,406,Australia,262.0
2011,2011,19,América,201,Venezuela,1453.0
2011,2011,19,América,202,Colombia,14362.0
2011,2011,19,América,203,Trinidad y Tobago,3.0
2011,2011,19,América,205,Jamaica,1.0
2011,2011,19,América,206,República Dominicana,1956.0
2011,2011,19,América,208,Haití,1188.0
2011,2011,19,América,209,Cuba,691.0
2011,2011,19,América,210,Panamá,247.0
2011,2011,19,América,211,Costa Rica,159.0
2011,2011,19,América,212,Nicaragua,102.0
2011,2011,19,América,213,El Salvador,185.0
2011,2011,19,América,214,Honduras,118.0
2011,2011,19,América,215,Guatemala,131.0
2011,2011,19,América,216,México,1051.0
2011,2011,19,América,217,Guyana,1.0
2011,2011,19,América,218,Ecuador,3938.0
2011,2011,19,América,219,Perú,40628.0
2011,2011,19,América,220,Brasil,1949.0
2011,2011,19,América,221,Bolivia,9189.0
2011,2011,19,América,222,Paraguay,1052.0
2011,2011,19,América,223,Uruguay,1075.0
2011,2011,19,América,224,Argentina,5438.0
2011,2011,19,América,225,Estados Unidos de América,3425.0
2011,2011,19,América,226,Canadá,387.0
2011,2011,19,América,234,San Vicente y las Granadinas,1.0
2011,2011,19,América,236,Belice,3.0
2011,2011,19,América,241,Saint Kitts & Nevis,2.0
2011,2011,19,América,248,Turcas y Caicos,4.0
2011,2011,142,Asia,301,Jordania,9.0
2011,2011,142,Asia,305,Chipre,2.0
2011,2011,142,Asia,306,Israel,41.0
2011,2011,142,Asia,307,Iraq,3.0
2011,2011,142,Asia,308,Afghanistán,3.0
2011,2011,142,Asia,309,Irán,10.0
2011,2011,142,Asia,310,Siria,19.0
2011,2011,142,Asia,311,Libano,23.0
2011,2011,142,Asia,314,Sri Lanka,3.0
2011,2011,142,Asia,317,India,260.0
2011,2011,142,Asia,319,Tailandia,15.0
2011,2011,142,Asia,320,Nepal,15.0
2011,2011,142,Asia,321,Bangladesh,7.0
2011,2011,142,Asia,324,Pakistán,87.0
2011,2011,142,Asia,328,Indonesia,26.0
2011,2011,142,Asia,329,Malasia,7.0
2011,2011,142,Asia,330,Taiwán,60.0
2011,2011,142,Asia,331,Japón,182.0
2011,2011,142,Asia,332,Singapur,9.0
2011,2011,142,Asia,333,Corea del Sur,558.0
2011,2011,142,Asia,334,Corea del Norte,13.0
2011,2011,142,Asia,335,Filipinas,79.0
2011,2011,142,Asia,336,China,2295.0
2011,2011,142,Asia,342,Hong Kong (Región administrativa especial de China),17.0
2011,2011,142,Asia,522,Turquia,87.0
2011,2011,142,Asia,540,Armenia,4.0
2011,2011,142,Asia,550,Georgia,3.0
2011,2011,142,Asia,551,Kasajstan,1.0
2011,2011,142,Asia,552,Kirguistán,3.0
2011,2011,142,Asia,560,Uzbekistán,2.0
2011,2011,150,Europa,501,Portugal,80.0
2011,2011,150,Europa,504,Italia,526.0
2011,2011,150,Europa,505,Francia,862.0
2011,2011,150,Europa,506,Irlanda,28.0
2011,2011,150,Europa,507,Dinamarca,29.0
2011,2011,150,Europa,508,Suiza,146.0
2011,2011,150,Europa,509,Austria,77.0
2011,2011,150,Europa,510,Reino Unido,236.0
2011,2011,150,Europa,511,Suecia,80.0
2011,2011,150,Europa,512,Finlandia,41.0
2011,2011,150,Europa,513,Noruega,82.0
2011,2011,150,Europa,514,Bélgica,91.0
2011,2011,150,Europa,515,Holanda,130.0
2011,2011,150,Europa,516,Islandia ,9.0
2011,2011,150,Europa,517,España,1508.0
2011,2011,150,Europa,518,Albania,3.0
2011,2011,150,Europa,519,Rumania,72.0
2011,2011,150,Europa,520,Grecia,13.0
2011,2011,150,Europa,525,Andorra,2.0
2011,2011,150,Europa,526,Yugoslavia,4.0
2011,2011,150,Europa,527,Bulgaria,21.0
2011,2011,150,Europa,528,Polonia,140.0
2011,2011,150,Europa,530,Hungria,18.0
2011,2011,150,Europa,536,San Marino,1.0
2011,2011,150,Europa,542,Belarús,26.0
2011,2011,150,Europa,543,Bosnia y Herzegovina,6.0
2011,2011,150,Europa,544,República Checa,18.0
2011,2011,150,Europa,545,República Eslovaca,34.0
2011,2011,150,Europa,546,Serbia,30.0
2011,2011,150,Europa,547,Croacia,18.0
2011,2011,150,Europa,548,Eslovenia,12.0
2011,2011,150,Europa,549,Estonia,4.0
2011,2011,150,Europa,553,Letonia,8.0
2011,2011,150,Europa,554,Lituania,28.0
2011,2011,150,Europa,555,Macedonia,2.0
2011,2011,150,Europa,556,Moldova,9.0
2011,2011,150,Europa,559,Ucrania,56.0
2011,2011,150,Europa,562,Rusia,218.0
2011,2011,150,Europa,563,Alemania,685.0
2012,2012,2,África,101,Senegal,3.0
2012,2012,2,África,104,Guinea,2.0
2012,2012,2,África,107,Costa de Marfil,2.0
2012,2012,2,África,108,Ghana,7.0
2012,2012,2,África,111,Nigeria,4.0
2012,2012,2,África,112,Sudáfrica,96.0
2012,2012,2,África,118,Comoras,1.0
2012,2012,2,África,119,Mauricio,1.0
2012,2012,2,África,120,Madagascar,2.0
2012,2012,2,África,121,Mozambique,2.0
2012,2012,2,África,124,Egipto,17.0
2012,2012,2,África,126,Túnez,5.0
2012,2012,2,África,127,Argelia,4.0
2012,2012,2,África,128,Marruecos,23.0
2012,2012,2,África,129,Cabo Verde,1.0
2012,2012,2,África,131,Niger,1.0
2012,2012,2,África,137,Kenya,7.0
2012,2012,2,África,140,Angola,8.0
2012,2012,2,África,144,"Congo, República del",25.0
2012,2012,2,África,149,Camerún,9.0
2012,2012,9,Oceanía,401,Fiji,1.0
2012,2012,9,Oceanía,405,Nueva Zelandia,83.0
2012,2012,9,Oceanía,406,Australia,291.0
2012,2012,19,América,201,Venezuela,1760.0
2012,2012,19,América,202,Colombia,20875.0
2012,2012,19,América,203,Trinidad y Tobago,5.0
2012,2012,19,América,205,Jamaica,2.0
2012,2012,19,América,206,República Dominicana,4655.0
2012,2012,19,América,208,Haití,1948.0
2012,2012,19,América,209,Cuba,736.0
2012,2012,19,América,210,Panamá,197.0
2012,2012,19,América,211,Costa Rica,168.0
2012,2012,19,América,212,Nicaragua,105.0
2012,2012,19,América,213,El Salvador,221.0
2012,2012,19,América,214,Honduras,165.0
2012,2012,19,América,215,Guatemala,210.0
2012,2012,19,América,216,México,1339.0
2012,2012,19,América,217,Guyana,3.0
2012,2012,19,América,218,Ecuador,4679.0
2012,2012,19,América,219,Perú,49643.0
2012,2012,19,América,220,Brasil,2426.0
2012,2012,19,América,221,Bolivia,17310.0
2012,2012,19,América,222,Paraguay,1286.0
2012,2012,19,América,223,Uruguay,1186.0
2012,2012,19,América,224,Argentina,6548.0
2012,2012,19,América,225,Estados Unidos de América,3976.0
2012,2012,19,América,226,Canadá,461.0
2012,2012,19,América,231,Dominica,1.0
2012,2012,19,América,236,Belice,7.0
2012,2012,19,América,251,Puerto Rico,1.0
2012,2012,142,Asia,301,Jordania,25.0
2012,2012,142,Asia,302,Arabia Saudita,2.0
2012,2012,142,Asia,304,Omán,1.0
2012,2012,142,Asia,306,Israel,66.0
2012,2012,142,Asia,307,Iraq,2.0
2012,2012,142,Asia,308,Afghanistán,6.0
2012,2012,142,Asia,309,Irán,16.0
2012,2012,142,Asia,310,Siria,42.0
2012,2012,142,Asia,311,Libano,26.0
2012,2012,142,Asia,314,Sri Lanka,8.0
2012,2012,142,Asia,315,Camboya,1.0
2012,2012,142,Asia,317,India,327.0
2012,2012,142,Asia,319,Tailandia,16.0
2012,2012,142,Asia,320,Nepal,41.0
2012,2012,142,Asia,321,Bangladesh,6.0
2012,2012,142,Asia,324,Pakistán,109.0
2012,2012,142,Asia,325,Viet Nam,3.0
2012,2012,142,Asia,328,Indonesia,34.0
2012,2012,142,Asia,329,Malasia,8.0
2012,2012,142,Asia,330,Taiwán,74.0
2012,2012,142,Asia,331,Japón,214.0
2012,2012,142,Asia,332,Singapur,8.0
2012,2012,142,Asia,333,Corea del Sur,442.0
2012,2012,142,Asia,334,Corea del Norte,10.0
2012,2012,142,Asia,335,Filipinas,58.0
2012,2012,142,Asia,336,China,2609.0
2012,2012,142,Asia,342,Hong Kong (Región administrativa especial de China),20.0
2012,2012,142,Asia,522,Turquia,129.0
2012,2012,142,Asia,540,Armenia,2.0
2012,2012,142,Asia,550,Georgia,2.0
2012,2012,142,Asia,551,Kasajstan,6.0
2012,2012,142,Asia,552,Kirguistán,3.0
2012,2012,142,Asia,560,Uzbekistán,4.0
2012,2012,150,Europa,501,Portugal,166.0
2012,2012,150,Europa,504,Italia,562.0
2012,2012,150,Europa,505,Francia,1052.0
2012,2012,150,Europa,506,Irlanda,39.0
2012,2012,150,Europa,507,Dinamarca,57.0
2012,2012,150,Europa,508,Suiza,148.0
2012,2012,150,Europa,509,Austria,63.0
2012,2012,150,Europa,510,Reino Unido,281.0
2012,2012,150,Europa,511,Suecia,111.0
2012,2012,150,Europa,512,Finlandia,57.0
2012,2012,150,Europa,513,Noruega,85.0
2012,2012,150,Europa,514,Bélgica,138.0
2012,2012,150,Europa,515,Holanda,159.0
2012,2012,150,Europa,516,Islandia ,5.0
2012,2012,150,Europa,517,España,2989.0
2012,2012,150,Europa,518,Albania,2.0
2012,2012,150,Europa,519,Rumania,61.0
2012,2012,150,Europa,520,Grecia,28.0
2012,2012,150,Europa,523,Malta,2.0
2012,2012,150,Europa,527,Bulgaria,15.0
2012,2012,150,Europa,528,Polonia,77.0
2012,2012,150,Europa,530,Hungria,18.0
2012,2012,150,Europa,536,San Marino,1.0
2012,2012,150,Europa,542,Belarús,27.0
2012,2012,150,Europa,543,Bosnia y Herzegovina,8.0
2012,2012,150,Europa,544,República Checa,36.0
2012,2012,150,Europa,545,República Eslovaca,28.0
2012,2012,150,Europa,546,Serbia,31.0
2012,2012,150,Europa,547,Croacia,29.0
2012,2012,150,Europa,548,Eslovenia,9.0
2012,2012,150,Europa,549,Estonia,3.0
2012,2012,150,Europa,553,Letonia,11.0
2012,2012,150,Europa,554,Lituania,12.0
2012,2012,150,Europa,555,Macedonia,2.0
2012,2012,150,Europa,556,Moldova,10.0
2012,2012,150,Europa,559,Ucrania,75.0
2012,2012,150,Europa,562,Rusia,245.0
2012,2012,150,Europa,563,Alemania,747.0
2012,2012,999,Otros,564,Republica Federal de Yugoslavia (Serbia y Montenegro),1.0
2013,2013,2,África,101,Senegal,5.0
2013,2013,2,África,103,Guinea- Bissau,1.0
2013,2013,2,África,104,Guinea,1.0
2013,2013,2,África,106,Liberia,1.0
2013,2013,2,África,107,Costa de Marfil,4.0
2013,2013,2,África,108,Ghana,9.0
2013,2013,2,África,109,Togo,1.0
2013,2013,2,África,111,Nigeria,5.0
2013,2013,2,África,112,Sudáfrica,94.0
2013,2013,2,África,117,Zambia,2.0
2013,2013,2,África,119,Mauricio,2.0
2013,2013,2,África,120,Madagascar,2.0
2013,2013,2,África,121,Mozambique,3.0
2013,2013,2,África,124,Egipto,17.0
2013,2013,2,África,125,Libia,2.0
2013,2013,2,África,126,Túnez,5.0
2013,2013,2,África,127,Argelia,10.0
2013,2013,2,África,128,Marruecos,23.0
2013,2013,2,África,135,Tanzania,20.0
2013,2013,2,África,136,Uganda,1.0
2013,2013,2,África,137,Kenya,7.0
2013,2013,2,África,139,Etiopia,5.0
2013,2013,2,África,140,Angola,1.0
2013,2013,2,África,144,"Congo, República del",17.0
2013,2013,2,África,148,República Centroafricana,1.0
2013,2013,2,África,149,Camerún,10.0
2013,2013,2,África,159,Namibia,1.0
2013,2013,2,África,161,Burkina Faso,1.0
2013,2013,9,Oceanía,403,Tonga (Isla Tonga),1.0
2013,2013,9,Oceanía,405,Nueva Zelandia,70.0
2013,2013,9,Oceanía,406,Australia,293.0
2013,2013,9,Oceanía,416,Kiribati,4.0
2013,2013,19,América,201,Venezuela,2015.0
2013,2013,19,América,202,Colombia,30138.0
2013,2013,19,América,203,Trinidad y Tobago,3.0
2013,2013,19,América,205,Jamaica,3.0
2013,2013,19,América,206,República Dominicana,4116.0
2013,2013,19,América,208,Haití,2868.0
2013,2013,19,América,209,Cuba,740.0
2013,2013,19,América,210,Panamá,171.0
2013,2013,19,América,211,Costa Rica,171.0
2013,2013,19,América,212,Nicaragua,94.0
2013,2013,19,América,213,El Salvador,220.0
2013,2013,19,América,214,Honduras,159.0
2013,2013,19,América,215,Guatemala,202.0
2013,2013,19,América,216,México,1356.0
2013,2013,19,América,217,Guyana,3.0
2013,2013,19,América,218,Ecuador,4992.0
2013,2013,19,América,219,Perú,48517.0
2013,2013,19,América,220,Brasil,2252.0
2013,2013,19,América,221,Bolivia,30611.0
2013,2013,19,América,222,Paraguay,1331.0
2013,2013,19,América,223,Uruguay,956.0
2013,2013,19,América,224,Argentina,7436.0
2013,2013,19,América,225,Estados Unidos de América,3749.0
2013,2013,19,América,226,Canadá,398.0
2013,2013,19,América,233,Santa Lucia y Islas  Occidentales,1.0
2013,2013,19,América,234,San Vicente y las Granadinas,2.0
2013,2013,19,América,236,Belice,2.0
2013,2013,19,América,241,Saint Kitts & Nevis,1.0
2013,2013,19,América,251,Puerto Rico,1.0
2013,2013,142,Asia,301,Jordania,18.0
2013,2013,142,Asia,302,Arabia Saudita,2.0
2013,2013,142,Asia,304,Omán,1.0
2013,2013,142,Asia,305,Chipre,2.0
2013,2013,142,Asia,306,Israel,37.0
2013,2013,142,Asia,307,Iraq,3.0
2013,2013,142,Asia,308,Afghanistán,15.0
2013,2013,142,Asia,309,Irán,29.0
2013,2013,142,Asia,310,Siria,42.0
2013,2013,142,Asia,311,Libano,40.0
2013,2013,142,Asia,314,Sri Lanka,5.0
2013,2013,142,Asia,315,Camboya,1.0
2013,2013,142,Asia,316,Laos,1.0
2013,2013,142,Asia,317,India,293.0
2013,2013,142,Asia,319,Tailandia,28.0
2013,2013,142,Asia,320,Nepal,30.0
2013,2013,142,Asia,321,Bangladesh,2.0
2013,2013,142,Asia,324,Pakistán,128.0
2013,2013,142,Asia,325,Viet Nam,3.0
2013,2013,142,Asia,328,Indonesia,29.0
2013,2013,142,Asia,329,Malasia,10.0
2013,2013,142,Asia,330,Taiwán,71.0
2013,2013,142,Asia,331,Japón,169.0
2013,2013,142,Asia,332,Singapur,5.0
2013,2013,142,Asia,333,Corea del Sur,445.0
2013,2013,142,Asia,334,Corea del Norte,7.0
2013,2013,142,Asia,335,Filipinas,58.0
2013,2013,142,Asia,336,China,2669.0
2013,2013,142,Asia,342,Hong Kong (Región administrativa especial de China),25.0
2013,2013,142,Asia,522,Turquia,90.0
2013,2013,142,Asia,541,Azerbaiyan,1.0
2013,2013,142,Asia,550,Georgia,3.0
2013,2013,142,Asia,551,Kasajstan,1.0
2013,2013,142,Asia,552,Kirguistán,1.0
2013,2013,142,Asia,560,Uzbekistán,2.0
2013,2013,150,Europa,501,Portugal,334.0
2013,2013,150,Europa,504,Italia,724.0
2013,2013,150,Europa,505,Francia,1095.0
2013,2013,150,Europa,506,Irlanda,40.0
2013,2013,150,Europa,507,Dinamarca,55.0
2013,2013,150,Europa,508,Suiza,145.0
2013,2013,150,Europa,509,Austria,105.0
2013,2013,150,Europa,510,Reino Unido,279.0
2013,2013,150,Europa,511,Suecia,94.0
2013,2013,150,Europa,512,Finlandia,60.0
2013,2013,150,Europa,513,Noruega,65.0
2013,2013,150,Europa,514,Bélgica,123.0
2013,2013,150,Europa,515,Holanda,145.0
2013,2013,150,Europa,516,Islandia ,1.0
2013,2013,150,Europa,517,España,5737.0
2013,2013,150,Europa,518,Albania,1.0
2013,2013,150,Europa,519,Rumania,122.0
2013,2013,150,Europa,520,Grecia,24.0
2013,2013,150,Europa,523,Malta,1.0
2013,2013,150,Europa,525,Andorra,1.0
2013,2013,150,Europa,527,Bulgaria,26.0
2013,2013,150,Europa,528,Polonia,127.0
2013,2013,150,Europa,530,Hungria,29.0
2013,2013,150,Europa,542,Belarús,18.0
2013,2013,150,Europa,543,Bosnia y Herzegovina,4.0
2013,2013,150,Europa,544,República Checa,70.0
2013,2013,150,Europa,545,República Eslovaca,100.0
2013,2013,150,Europa,546,Serbia,16.0
2013,2013,150,Europa,547,Croacia,11.0
2013,2013,150,Europa,548,Eslovenia,10.0
2013,2013,150,Europa,549,Estonia,4.0
2013,2013,150,Europa,553,Letonia,15.0
2013,2013,150,Europa,554,Lituania,13.0
2013,2013,150,Europa,555,Macedonia,1.0
2013,2013,150,Europa,556,Moldova,10.0
2013,2013,150,Europa,559,Ucrania,54.0
2013,2013,150,Europa,562,Rusia,249.0
2013,2013,150,Europa,563,Alemania,687.0
2013,2013,999,Otros,247,Antillas Neerlandesas,1.0
2013,2013,999,Otros,564,Republica Federal de Yugoslavia (Serbia y Montenegro),10.0
2014,2014,2,África,101,Senegal,8.0
2014,2014,2,África,104,Guinea,3.0
2014,2014,2,África,106,Liberia,1.0
2014,2014,2,África,107,Costa de Marfil,2.0
2014,2014,2,África,108,Ghana,9.0
2014,2014,2,África,111,Nigeria,7.0
2014,2014,2,África,112,Sudáfrica,93.0
2014,2014,2,África,116,Zimbabwe,1.0
2014,2014,2,África,117,Zambia,1.0
2014,2014,2,África,119,Mauricio,1.0
2014,2014,2,África,120,Madagascar,1.0
2014,2014,2,África,121,Mozambique,1.0
2014,2014,2,África,124,Egipto,18.0
2014,2014,2,África,126,Túnez,2.0
2014,2014,2,África,127,Argelia,8.0
2014,2014,2,África,128,Marruecos,18.0
2014,2014,2,África,133,Mali,6.0
2014,2014,2,África,135,Tanzania,1.0
2014,2014,2,África,137,Kenya,8.0
2014,2014,2,África,138,Somalia,1.0
2014,2014,2,África,140,Angola,1.0
2014,2014,2,África,144,"Congo, República del",16.0
2014,2014,2,África,147,Guinea Ecuatorial,1.0
2014,2014,2,África,148,República Centroafricana,1.0
2014,2014,2,África,149,Camerún,10.0
2014,2014,9,Oceanía,403,Tonga (Isla Tonga),1.0
2014,2014,9,Oceanía,405,Nueva Zelandia,68.0
2014,2014,9,Oceanía,406,Australia,244.0
2014,2014,19,América,201,Venezuela,3557.0
2014,2014,19,América,202,Colombia,33939.0
2014,2014,19,América,203,Trinidad y Tobago,7.0
2014,2014,19,América,205,Jamaica,6.0
2014,2014,19,América,206,República Dominicana,3603.0
2014,2014,19,América,207,Bahamas,5.0
2014,2014,19,América,208,Haití,4407.0
2014,2014,19,América,209,Cuba,948.0
2014,2014,19,América,210,Panamá,136.0
2014,2014,19,América,211,Costa Rica,188.0
2014,2014,19,América,212,Nicaragua,87.0
2014,2014,19,América,213,El Salvador,182.0
2014,2014,19,América,214,Honduras,184.0
2014,2014,19,América,215,Guatemala,187.0
2014,2014,19,América,216,México,1458.0
2014,2014,19,América,217,Guyana,3.0
2014,2014,19,América,218,Ecuador,5309.0
2014,2014,19,América,219,Perú,49900.0
2014,2014,19,América,220,Brasil,2405.0
2014,2014,19,América,221,Bolivia,34978.0
2014,2014,19,América,222,Paraguay,1391.0
2014,2014,19,América,223,Uruguay,957.0
2014,2014,19,América,224,Argentina,8326.0
2014,2014,19,América,225,Estados Unidos de América,3796.0
2014,2014,19,América,226,Canadá,369.0
2014,2014,19,América,231,Dominica,1.0
2014,2014,19,América,232,Granada,1.0
2014,2014,19,América,233,Santa Lucia y Islas  Occidentales,1.0
2014,2014,19,América,234,San Vicente y las Granadinas,1.0
2014,2014,19,América,236,Belice,9.0
2014,2014,19,América,241,Saint Kitts & Nevis,2.0
2014,2014,142,Asia,301,Jordania,15.0
2014,2014,142,Asia,305,Chipre,3.0
2014,2014,142,Asia,306,Israel,89.0
2014,2014,142,Asia,307,Iraq,1.0
2014,2014,142,Asia,308,Afghanistán,4.0
2014,2014,142,Asia,309,Irán,35.0
2014,2014,142,Asia,310,Siria,44.0
2014,2014,142,Asia,311,Libano,22.0
2014,2014,142,Asia,314,Sri Lanka,9.0
2014,2014,142,Asia,317,India,308.0
2014,2014,142,Asia,319,Tailandia,21.0
2014,2014,142,Asia,320,Nepal,28.0
2014,2014,142,Asia,321,Bangladesh,7.0
2014,2014,142,Asia,324,Pakistán,74.0
2014,2014,142,Asia,325,Viet Nam,12.0
2014,2014,142,Asia,328,Indonesia,54.0
2014,2014,142,Asia,329,Malasia,12.0
2014,2014,142,Asia,330,Taiwán,83.0
2014,2014,142,Asia,331,Japón,251.0
2014,2014,142,Asia,332,Singapur,2.0
2014,2014,142,Asia,333,Corea del Sur,460.0
2014,2014,142,Asia,334,Corea del Norte,4.0
2014,2014,142,Asia,335,Filipinas,88.0
2014,2014,142,Asia,336,China,3010.0
2014,2014,142,Asia,342,Hong Kong (Región administrativa especial de China),16.0
2014,2014,142,Asia,345,Macao,1.0
2014,2014,142,Asia,346,República del Yemen,1.0
2014,2014,142,Asia,522,Turquia,100.0
2014,2014,142,Asia,540,Armenia,2.0
2014,2014,142,Asia,541,Azerbaiyan,2.0
2014,2014,142,Asia,550,Georgia,4.0
2014,2014,142,Asia,551,Kasajstan,1.0
2014,2014,142,Asia,552,Kirguistán,2.0
2014,2014,142,Asia,560,Uzbekistán,1.0
2014,2014,150,Europa,501,Portugal,381.0
2014,2014,150,Europa,504,Italia,723.0
2014,2014,150,Europa,505,Francia,1190.0
2014,2014,150,Europa,506,Irlanda,34.0
2014,2014,150,Europa,507,Dinamarca,60.0
2014,2014,150,Europa,508,Suiza,142.0
2014,2014,150,Europa,509,Austria,137.0
2014,2014,150,Europa,510,Reino Unido,280.0
2014,2014,150,Europa,511,Suecia,81.0
2014,2014,150,Europa,512,Finlandia,70.0
2014,2014,150,Europa,513,Noruega,75.0
2014,2014,150,Europa,514,Bélgica,126.0
2014,2014,150,Europa,515,Holanda,170.0
2014,2014,150,Europa,516,Islandia ,3.0
2014,2014,150,Europa,517,España,6262.0
2014,2014,150,Europa,518,Albania,2.0
2014,2014,150,Europa,519,Rumania,117.0
2014,2014,150,Europa,520,Grecia,38.0
2014,2014,150,Europa,523,Malta,2.0
2014,2014,150,Europa,525,Andorra,2.0
2014,2014,150,Europa,527,Bulgaria,31.0
2014,2014,150,Europa,528,Polonia,112.0
2014,2014,150,Europa,530,Hungria,65.0
2014,2014,150,Europa,532,Luxemburgo,2.0
2014,2014,150,Europa,542,Belarús,12.0
2014,2014,150,Europa,543,Bosnia y Herzegovina,3.0
2014,2014,150,Europa,544,República Checa,64.0
2014,2014,150,Europa,545,República Eslovaca,55.0
2014,2014,150,Europa,546,Serbia,20.0
2014,2014,150,Europa,547,Croacia,23.0
2014,2014,150,Europa,548,Eslovenia,19.0
2014,2014,150,Europa,549,Estonia,8.0
2014,2014,150,Europa,553,Letonia,11.0
2014,2014,150,Europa,554,Lituania,10.0
2014,2014,150,Europa,556,Moldova,2.0
2014,2014,150,Europa,559,Ucrania,65.0
2014,2014,150,Europa,562,Rusia,322.0
2014,2014,150,Europa,563,Alemania,845.0
2014,2014,999,Otros,564,Republica Federal de Yugoslavia (Serbia y Montenegro),11.0
2015,2015,2,África,101,Senegal,8.0
2015,2015,2,África,103,Guinea- Bissau,1.0
2015,2015,2,África,104,Guinea,4.0
2015,2015,2,África,107,Costa de Marfil,2.0
2015,2015,2,África,108,Ghana,17.0
2015,2015,2,África,109,Togo,2.0
2015,2015,2,África,111,Nigeria,11.0
2015,2015,2,África,112,Sudáfrica,89.0
2015,2015,2,África,113,Botswana,1.0
2015,2015,2,África,116,Zimbabwe,1.0
2015,2015,2,África,119,Mauricio,2.0
2015,2015,2,África,120,Madagascar,2.0
2015,2015,2,África,121,Mozambique,8.0
2015,2015,2,África,124,Egipto,32.0
2015,2015,2,África,125,Libia,1.0
2015,2015,2,África,126,Túnez,10.0
2015,2015,2,África,127,Argelia,12.0
2015,2015,2,África,128,Marruecos,36.0
2015,2015,2,África,133,Mali,1.0
2015,2015,2,África,134,Mauritania,1.0
2015,2015,2,África,136,Uganda,1.0
2015,2015,2,África,137,Kenya,11.0
2015,2015,2,África,138,Somalia,1.0
2015,2015,2,África,140,Angola,13.0
2015,2015,2,África,144,"Congo, República del",13.0
2015,2015,2,África,147,Guinea Ecuatorial,1.0
2015,2015,2,África,148,República Centroafricana,1.0
2015,2015,2,África,149,Camerún,7.0
2015,2015,2,África,150,Benin,2.0
2015,2015,2,África,159,Namibia,4.0
2015,2015,9,Oceanía,401,Fiji,1.0
2015,2015,9,Oceanía,405,Nueva Zelandia,71.0
2015,2015,9,Oceanía,406,Australia,235.0
2015,2015,9,Oceanía,416,Kiribati,3.0
2015,2015,19,América,201,Venezuela,9730.0
2015,2015,19,América,202,Colombia,44535.0
2015,2015,19,América,203,Trinidad y Tobago,5.0
2015,2015,19,América,205,Jamaica,6.0
2015,2015,19,América,206,República Dominicana,3517.0
2015,2015,19,América,207,Bahamas,5.0
2015,2015,19,América,208,Haití,10071.0
2015,2015,19,América,209,Cuba,1559.0
2015,2015,19,América,210,Panamá,131.0
2015,2015,19,América,211,Costa Rica,216.0
2015,2015,19,América,212,Nicaragua,103.0
2015,2015,19,América,213,El Salvador,279.0
2015,2015,19,América,214,Honduras,201.0
2015,2015,19,América,215,Guatemala,162.0
2015,2015,19,América,216,México,1607.0
2015,2015,19,América,218,Ecuador,6374.0
2015,2015,19,América,219,Perú,59767.0
2015,2015,19,América,220,Brasil,3105.0
2015,2015,19,América,221,Bolivia,39126.0
2015,2015,19,América,222,Paraguay,1556.0
2015,2015,19,América,223,Uruguay,1072.0
2015,2015,19,América,224,Argentina,9605.0
2015,2015,19,América,225,Estados Unidos de América,3413.0
2015,2015,19,América,226,Canadá,290.0
2015,2015,19,América,232,Granada,2.0
2015,2015,19,América,233,Santa Lucia y Islas  Occidentales,2.0
2015,2015,19,América,235,Suriname,5.0
2015,2015,19,América,236,Belice,10.0
2015,2015,19,América,241,Saint Kitts & Nevis,1.0
2015,2015,19,América,251,Puerto Rico,2.0
2015,2015,142,Asia,301,Jordania,26.0
2015,2015,142,Asia,304,Omán,1.0
2015,2015,142,Asia,305,Chipre,5.0
2015,2015,142,Asia,306,Israel,82.0
2015,2015,142,Asia,307,Iraq,5.0
2015,2015,142,Asia,308,Afghanistán,12.0
2015,2015,142,Asia,309,Irán,54.0
2015,2015,142,Asia,310,Siria,77.0
2015,2015,142,Asia,311,Libano,24.0
2015,2015,142,Asia,314,Sri Lanka,7.0
2015,2015,142,Asia,316,Laos,1.0
2015,2015,142,Asia,317,India,414.0
2015,2015,142,Asia,319,Tailandia,27.0
2015,2015,142,Asia,320,Nepal,33.0
2015,2015,142,Asia,321,Bangladesh,11.0
2015,2015,142,Asia,324,Pakistán,147.0
2015,2015,142,Asia,325,Viet Nam,13.0
2015,2015,142,Asia,326,Myanmar (ex Birmania),1.0
2015,2015,142,Asia,328,Indonesia,62.0
2015,2015,142,Asia,329,Malasia,16.0
2015,2015,142,Asia,330,Taiwán,75.0
2015,2015,142,Asia,331,Japón,262.0
2015,2015,142,Asia,332,Singapur,7.0
2015,2015,142,Asia,333,Corea del Sur,661.0
2015,2015,142,Asia,334,Corea del Norte,1.0
2015,2015,142,Asia,335,Filipinas,177.0
2015,2015,142,Asia,336,China,3583.0
2015,2015,142,Asia,342,Hong Kong (Región administrativa especial de China),7.0
2015,2015,142,Asia,346,República del Yemen,1.0
2015,2015,142,Asia,522,Turquia,148.0
2015,2015,142,Asia,540,Armenia,2.0
2015,2015,142,Asia,541,Azerbaiyan,1.0
2015,2015,142,Asia,550,Georgia,3.0
2015,2015,142,Asia,551,Kasajstan,2.0
2015,2015,142,Asia,552,Kirguistán,2.0
2015,2015,142,Asia,560,Uzbekistán,1.0
2015,2015,150,Europa,501,Portugal,466.0
2015,2015,150,Europa,504,Italia,865.0
2015,2015,150,Europa,505,Francia,1339.0
2015,2015,150,Europa,506,Irlanda,46.0
2015,2015,150,Europa,507,Dinamarca,68.0
2015,2015,150,Europa,508,Suiza,146.0
2015,2015,150,Europa,509,Austria,139.0
2015,2015,150,Europa,510,Reino Unido,248.0
2015,2015,150,Europa,511,Suecia,84.0
2015,2015,150,Europa,512,Finlandia,32.0
2015,2015,150,Europa,513,Noruega,67.0
2015,2015,150,Europa,514,Bélgica,174.0
2015,2015,150,Europa,515,Holanda,151.0
2015,2015,150,Europa,516,Islandia ,3.0
2015,2015,150,Europa,517,España,6313.0
2015,2015,150,Europa,518,Albania,7.0
2015,2015,150,Europa,519,Rumania,128.0
2015,2015,150,Europa,520,Grecia,49.0
2015,2015,150,Europa,523,Malta,1.0
2015,2015,150,Europa,525,Andorra,2.0
2015,2015,150,Europa,527,Bulgaria,96.0
2015,2015,150,Europa,528,Polonia,154.0
2015,2015,150,Europa,530,Hungria,27.0
2015,2015,150,Europa,532,Luxemburgo,3.0
2015,2015,150,Europa,542,Belarús,35.0
2015,2015,150,Europa,543,Bosnia y Herzegovina,39.0
2015,2015,150,Europa,544,República Checa,52.0
2015,2015,150,Europa,545,República Eslovaca,22.0
2015,2015,150,Europa,546,Serbia,23.0
2015,2015,150,Europa,547,Croacia,28.0
2015,2015,150,Europa,548,Eslovenia,14.0
2015,2015,150,Europa,549,Estonia,10.0
2015,2015,150,Europa,553,Letonia,24.0
2015,2015,150,Europa,554,Lituania,14.0
2015,2015,150,Europa,555,Macedonia,2.0
2015,2015,150,Europa,556,Moldova,4.0
2015,2015,150,Europa,559,Ucrania,91.0
2015,2015,150,Europa,562,Rusia,339.0
2015,2015,150,Europa,563,Alemania,778.0
2015,2015,999,Otros,247,Antillas Neerlandesas,1.0
2015,2015,999,Otros,564,Republica Federal de Yugoslavia (Serbia y Montenegro),12.0
2016,2016,2,África,101,Senegal,7.0
2016,2016,2,África,104,Guinea,4.0
2016,2016,2,África,107,Costa de Marfil,2.0
2016,2016,2,África,108,Ghana,17.0
2016,2016,2,África,109,Togo,1.0
2016,2016,2,África,111,Nigeria,5.0
2016,2016,2,África,112,Sudáfrica,65.0
2016,2016,2,África,114,Lesotho,1.0
2016,2016,2,África,120,Madagascar,3.0
2016,2016,2,África,121,Mozambique,5.0
2016,2016,2,África,124,Egipto,41.0
2016,2016,2,África,125,Libia,1.0
2016,2016,2,África,126,Túnez,12.0
2016,2016,2,África,127,Argelia,9.0
2016,2016,2,África,128,Marruecos,29.0
2016,2016,2,África,133,Mali,1.0
2016,2016,2,África,137,Kenya,7.0
2016,2016,2,África,139,Etiopia,2.0
2016,2016,2,África,140,Angola,19.0
2016,2016,2,África,144,"Congo, República del",12.0
2016,2016,2,África,147,Guinea Ecuatorial,1.0
2016,2016,2,África,149,Camerún,11.0
2016,2016,2,África,150,Benin,3.0
2016,2016,2,África,161,Burkina Faso,1.0
2016,2016,2,África,163,Eritrea,2.0
2016,2016,9,Oceanía,405,Nueva Zelandia,50.0
2016,2016,9,Oceanía,406,Australia,154.0
2016,2016,19,América,201,Venezuela,26623.0
2016,2016,19,América,202,Colombia,47352.0
2016,2016,19,América,203,Trinidad y Tobago,3.0
2016,2016,19,América,205,Jamaica,5.0
2016,2016,19,América,206,República Dominicana,2360.0
2016,2016,19,América,207,Bahamas,1.0
2016,2016,19,América,208,Haití,27395.0
2016,2016,19,América,209,Cuba,1499.0
2016,2016,19,América,210,Panamá,132.0
2016,2016,19,América,211,Costa Rica,155.0
2016,2016,19,América,212,Nicaragua,83.0
2016,2016,19,América,213,El Salvador,259.0
2016,2016,19,América,214,Honduras,188.0
2016,2016,19,América,215,Guatemala,148.0
2016,2016,19,América,216,México,1346.0
2016,2016,19,América,218,Ecuador,7261.0
2016,2016,19,América,219,Perú,53624.0
2016,2016,19,América,220,Brasil,3276.0
2016,2016,19,América,221,Bolivia,27852.0
2016,2016,19,América,222,Paraguay,1422.0
2016,2016,19,América,223,Uruguay,858.0
2016,2016,19,América,224,Argentina,8176.0
2016,2016,19,América,225,Estados Unidos de América,2673.0
2016,2016,19,América,226,Canadá,249.0
2016,2016,19,América,235,Suriname,4.0
2016,2016,19,América,236,Belice,6.0
2016,2016,19,América,251,Puerto Rico,1.0
2016,2016,142,Asia,301,Jordania,27.0
2016,2016,142,Asia,304,Omán,1.0
2016,2016,142,Asia,305,Chipre,1.0
2016,2016,142,Asia,306,Israel,61.0
2016,2016,142,Asia,307,Iraq,6.0
2016,2016,142,Asia,308,Afghanistán,15.0
2016,2016,142,Asia,309,Irán,44.0
2016,2016,142,Asia,310,Siria,137.0
2016,2016,142,Asia,311,Libano,33.0
2016,2016,142,Asia,314,Sri Lanka,10.0
2016,2016,142,Asia,317,India,401.0
2016,2016,142,Asia,319,Tailandia,36.0
2016,2016,142,Asia,320,Nepal,70.0
2016,2016,142,Asia,321,Bangladesh,21.0
2016,2016,142,Asia,324,Pakistán,199.0
2016,2016,142,Asia,325,Viet Nam,4.0
2016,2016,142,Asia,326,Myanmar (ex Birmania),1.0
2016,2016,142,Asia,328,Indonesia,59.0
2016,2016,142,Asia,329,Malasia,11.0
2016,2016,142,Asia,330,Taiwán,61.0
2016,2016,142,Asia,331,Japón,207.0
2016,2016,142,Asia,332,Singapur,6.0
2016,2016,142,Asia,333,Corea del Sur,505.0
2016,2016,142,Asia,334,Corea del Norte,1.0
2016,2016,142,Asia,335,Filipinas,187.0
2016,2016,142,Asia,336,China,3569.0
2016,2016,142,Asia,337,Mongolia,1.0
2016,2016,142,Asia,342,Hong Kong (Región administrativa especial de China),6.0
2016,2016,142,Asia,345,Macao,4.0
2016,2016,142,Asia,522,Turquia,127.0
2016,2016,142,Asia,540,Armenia,4.0
2016,2016,142,Asia,550,Georgia,4.0
2016,2016,142,Asia,551,Kasajstan,5.0
2016,2016,142,Asia,560,Uzbekistán,4.0
2016,2016,150,Europa,501,Portugal,377.0
2016,2016,150,Europa,504,Italia,716.0
2016,2016,150,Europa,505,Francia,1108.0
2016,2016,150,Europa,506,Irlanda,40.0
2016,2016,150,Europa,507,Dinamarca,38.0
2016,2016,150,Europa,508,Suiza,119.0
2016,2016,150,Europa,509,Austria,74.0
2016,2016,150,Europa,510,Reino Unido,55.0
2016,2016,150,Europa,511,Suecia,65.0
2016,2016,150,Europa,512,Finlandia,36.0
2016,2016,150,Europa,513,Noruega,45.0
2016,2016,150,Europa,514,Bélgica,131.0
2016,2016,150,Europa,515,Holanda,101.0
2016,2016,150,Europa,516,Islandia ,2.0
2016,2016,150,Europa,517,España,4458.0
2016,2016,150,Europa,518,Albania,11.0
2016,2016,150,Europa,519,Rumania,136.0
2016,2016,150,Europa,520,Grecia,44.0
2016,2016,150,Europa,523,Malta,1.0
2016,2016,150,Europa,525,Andorra,1.0
2016,2016,150,Europa,527,Bulgaria,109.0
2016,2016,150,Europa,528,Polonia,113.0
2016,2016,150,Europa,530,Hungria,21.0
2016,2016,150,Europa,532,Luxemburgo,1.0
2016,2016,150,Europa,542,Belarús,17.0
2016,2016,150,Europa,543,Bosnia y Herzegovina,9.0
2016,2016,150,Europa,544,República Checa,48.0
2016,2016,150,Europa,545,República Eslovaca,16.0
2016,2016,150,Europa,546,Serbia,19.0
2016,2016,150,Europa,547,Croacia,38.0
2016,2016,150,Europa,548,Eslovenia,15.0
2016,2016,150,Europa,549,Estonia,3.0
2016,2016,150,Europa,553,Letonia,8.0
2016,2016,150,Europa,554,Lituania,10.0
2016,2016,150,Europa,555,Macedonia,2.0
2016,2016,150,Europa,556,Moldova,4.0
2016,2016,150,Europa,559,Ucrania,103.0
2016,2016,150,Europa,562,Rusia,331.0
2016,2016,150,Europa,563,Alemania,582.0
2016,2016,999,Otros,564,Republica Federal de Yugoslavia (Serbia y Montenegro),2.0
